{"cameraMode":{"drawMode":0,"name":"Shaded","section":"Shading Mode"},"sceneLighting":true,"audioPlay":false,"sceneViewState":{"showFog":true,"showMaterialUpdate":false,"showSkybox":true,"showFlares":true,"showImageEffects":true,"showParticleSystems":true},"in2DMode":false,"pivot":{"x":7.000000476837158,"y":6.0,"z":4.58847188949585},"rotation":{"x":-0.018921075388789178,"y":0.8322569131851196,"z":-0.5534053444862366,"w":-0.028474781662225724},"size":165.90505981445313,"orthographic":false}