{"cameraMode":{"drawMode":0,"name":"Shaded","section":"Shading Mode"},"sceneLighting":false,"audioPlay":false,"sceneViewState":{"showFog":true,"showMaterialUpdate":false,"showSkybox":true,"showFlares":true,"showImageEffects":true,"showParticleSystems":true},"in2DMode":false,"pivot":{"x":-0.9551277160644531,"y":15.141454696655274,"z":-101.32978057861328},"rotation":{"x":-0.16759294271469117,"y":0.7112675905227661,"z":-0.18109184503555299,"w":-0.6582387685775757},"size":61.284034729003909,"orthographic":false}