{"cameraMode":{"drawMode":0,"name":"Shaded","section":"Shading Mode"},"sceneLighting":true,"audioPlay":false,"sceneViewState":{"showFog":true,"showMaterialUpdate":false,"showSkybox":true,"showFlares":true,"showImageEffects":true,"showParticleSystems":true},"in2DMode":false,"pivot":{"x":-82.95230102539063,"y":-51.23973083496094,"z":-368.0791320800781},"rotation":{"x":-0.29852235317230227,"y":0.5929014682769775,"z":-0.2512427568435669,"w":-0.7044863700866699},"size":192.4141082763672,"orthographic":false}